,filename,width,height,xmin,ymin,xmax,ymax
0,pic_564.jpg,1024,1024,53,296,981,676
1,pic_570.jpg,500,369,23,58,485,301
2,yoto10412.png,1280,720,133,296,659,446
3,pic_766.jpg,2844,1896,861,339,1475,584
4,pic_014.jpg,810,456,42,31,784,425
5,foto01683.png,1280,720,585,58,1020,417
6,pic_772.jpg,480,480,55,74,480,462
7,pic_982.jpg,600,447,171,182,404,294
8,moto05772.png,1280,720,562,1,968,306
9,pic_028.jpg,1500,1500,54,155,1472,737
10,foto01654.png,1280,720,590,70,1051,463
11,pic_799.jpg,800,800,128,272,793,687
12,moto08295.png,1280,720,527,82,1015,520
13,foto00204.png,1280,720,597,269,686,341
14,pic_174.png,1500,709,55,26,1458,578
15,moto00030.png,1280,720,694,285,970,518
16,pic_148.jpg,270,270,7,57,225,179
17,pic_1068.jpg,600,800,116,146,422,532
18,pic_835.jpg,430,230,35,2,390,191
19,pic_1054.png,325,260,88,109,237,170
20,foto04670.png,1280,720,559,390,796,526
21,pic_821.jpg,576,768,2,76,575,671
22,pic_376.jpg,250,250,1,13,243,234
23,moto01886.png,1280,720,452,61,1042,606
24,moto16444.png,1280,720,640,342,859,551
25,pic_410.png,770,330,365,30,486,136
26,pic_362.png,696,392,153,34,593,323
27,moto15603.png,1280,720,682,349,876,450
28,pic_389.jpg,2000,1333,564,486,1682,739
29,foto14675.png,1280,720,615,338,646,363
30,foto02002.png,1280,720,382,201,855,589
31,pic_388.jpeg,360,360,6,15,350,354
32,foto04467.png,1280,720,194,42,813,440
33,yoto02611.png,1280,720,279,110,963,420
34,pic_439.jpg,600,338,31,30,152,99
35,pic_363.jpg,640,360,109,63,569,286
36,pic_411.jpg,1280,720,64,182,1031,379
37,yoto01132.png,1280,720,249,72,922,603
38,pic_820.jpg,1024,576,165,108,794,422
39,pic_834.jpg,640,640,5,167,640,408
40,pic_808.jpg,350,350,4,27,275,206
41,moto00958.png,1280,720,382,191,973,720
42,foto05221.png,1280,720,227,7,1072,376
43,pic_1082.jpg,600,395,67,37,379,200
44,moto03510.png,1280,720,680,10,1030,246
45,pic_1096.jpg,580,390,74,28,519,368
46,pic_149.jpg,800,800,40,346,773,626
47,pic_161.jpeg,832,309,19,8,832,303
48,pic_175.jpg,620,349,52,100,588,217
49,pic_1135.jpg,800,400,166,97,530,277
50,pic_954.jpg,500,334,107,61,376,304
51,pic_798.jpg,856,285,220,21,732,224
52,pic_940.jpg,1920,1440,565,651,1825,1440
53,pic_1121.jpg,300,225,102,153,218,204
54,moto16096.png,1280,720,762,225,844,270
55,pic_029.jpeg,450,450,6,135,446,314
56,moto15574.png,1280,720,679,338,793,400
57,pic_983.jpeg,960,720,365,395,490,491
58,pic_015.jpg,300,300,32,81,266,202
59,pic_773.jpg,468,468,182,140,378,259
60,pic_767.jpg,680,434,57,58,601,286
61,pic_001.jpg,500,500,5,93,493,405
62,moto15951.png,1280,720,727,239,1034,434
63,pic_559.png,750,422,131,106,617,358
64,foto01480.png,1280,720,534,7,1079,498
65,pic_571.jpg,300,197,15,16,298,111
66,pic_217.jpg,270,270,9,41,268,177
67,pic_203.jpg,600,450,48,58,565,281
68,moto16241.png,1280,720,1107,155,1201,211
69,pic_215.png,1400,632,10,68,1355,446
70,pic_573.jpg,810,456,59,88,787,361
71,pic_567.jpg,660,330,109,54,517,148
72,pic_201.jpeg,600,360,16,23,600,225
73,pic_229.jpg,740,418,28,41,726,375
74,foto00987.png,1280,720,382,127,916,581
75,foto05627.png,1280,720,458,141,801,346
76,pic_017.jpg,355,237,23,33,333,179
77,pic_003.jpg,2400,1801,267,405,2230,1413
78,pic_765.jpg,800,800,99,270,731,624
79,pic_759.jpg,613,613,29,206,603,404
80,pic_981.jpg,1000,671,203,97,784,291
81,pic_942.jpg,1300,1065,307,38,946,480
82,pic_177.jpg,1000,1000,32,255,987,520
83,pic_1080.jpg,450,320,130,77,318,168
84,foto01045.png,1280,720,347,155,839,612
85,pic_822.png,1200,630,810,155,1014,303
86,pic_1043.jpg,1500,1125,314,429,1187,722
87,pic_1057.jpg,1440,566,944,89,1440,447
88,pic_188.jpg,868,488,133,82,712,406
89,pic_836.jpg,516,389,59,79,441,312
90,pic_361.jpeg,450,450,82,192,393,369
91,pic_407.jpg,400,225,30,7,364,210
92,pic_413.jpg,460,460,40,79,446,281
93,pic_375.jpg,3888,2592,593,323,3412,1941
94,pic_349.jpg,400,400,24,101,399,273
95,foto01509.png,1280,720,491,1,1044,472
96,yoto00987.png,1280,720,465,246,1133,418
97,pic_348.jpg,750,552,38,39,742,483
98,foto14878.png,1280,720,564,275,689,389
99,moto12152.png,1280,720,422,133,997,681
100,pic_360.jpg,500,333,13,12,500,189
101,pic_406.jpg,1000,750,203,175,791,336
102,pic_189.jpg,1704,959,205,526,1607,772
103,pic_1056.jpg,560,311,269,18,560,182
104,pic_837.jpg,1900,1477,1130,868,1900,1477
105,pic_823.jpg,3700,2028,419,245,3381,1862
106,pic_1042.jpg,526,350,152,153,349,229
107,pic_1095.jpg,1500,1000,479,278,921,645
108,pic_176.JPG,750,500,64,20,721,458
109,foto04699.png,1280,720,585,450,816,590
110,moto11659.png,1280,720,452,278,1116,720
111,pic_162.jpg,845,547,50,84,753,393
112,foto14501.png,1280,720,472,326,498,350
113,pic_943.jpg,1958,1102,1482,88,1886,317
114,pic_957.jpg,1551,330,240,40,588,277
115,yoto01045.png,1280,720,237,70,920,600
116,pic_1136.png,1920,1080,919,132,1065,239
117,foto05424.png,1280,720,296,301,971,628
118,pic_002.jpg,425,425,18,103,417,338
119,foto05395.png,1280,720,155,324,911,668
120,pic_770.jpg,579,362,28,21,570,362
121,pic_016.jpg,500,271,1,13,500,251
122,pic_566.jpg,720,405,233,117,487,215
123,pic_200.jpg,488,488,24,95,488,338
124,pic_214.jpeg,1300,1430,8,379,1300,1222
125,moto02553.png,1280,720,613,164,904,376
126,pic_238.jpg,810,458,170,33,664,272
127,pic_204.jpeg,778,518,68,76,721,295
128,pic_562.jpg,788,443,29,88,702,439
129,pic_774.png,1000,800,47,218,1000,561
130,foto04931.png,1280,720,323,240,879,504
131,pic_006.jpg,2000,2000,165,360,1886,1512
132,pic_953.jpg,500,333,7,116,264,210
133,foto01915.png,1280,720,427,196,870,557
134,yoto10789.png,1280,720,463,207,739,438
135,pic_1091.jpg,500,500,26,161,460,331
136,moto08324.png,1280,720,501,92,969,518
137,moto11891.png,1280,720,565,253,842,441
138,pic_172.jpeg,1000,1000,315,369,675,596
139,pic_1046.jpg,625,465,1,1,625,257
140,pic_833.jpg,250,250,13,68,245,168
141,foto07425.png,1280,720,620,348,647,375
142,foto05540.png,1280,720,447,171,783,396
143,yoto05192.png,1280,720,620,191,915,282
144,moto02379.png,1280,720,597,98,941,327
145,pic_402.jpg,250,250,14,51,239,189
146,pic_370.jpg,1200,675,123,194,925,424
147,moto02437.png,1280,720,616,117,920,324
148,pic_416.jpg,1024,683,26,170,1024,486
149,yoto01451.png,1280,720,118,95,1198,720
150,foto05018.png,1280,720,327,24,868,319
151,moto01857.png,1280,720,498,147,1061,632
152,yoto00001.png,1280,720,241,133,875,247
153,moto04090.png,1280,720,642,53,993,279
154,pic_371.JPG,600,457,1,9,362,433
155,pic_417.jpg,420,236,113,39,329,187
156,moto14240.png,1280,720,572,175,834,357
157,pic_403.jpg,1300,387,695,104,787,157
158,pic_365.jpg,1024,683,1,65,1024,515
159,pic_198.jpg,660,330,63,23,451,218
160,pic_1047.jpg,1024,678,456,345,949,553
161,pic_826.png,1024,768,103,121,959,616
162,foto05569.png,1280,720,461,163,784,354
163,foto04844.png,1280,720,554,261,772,395
164,pic_173.jpg,1000,1000,21,176,975,517
165,pic_167.jpg,870,580,162,131,775,414
166,pic_1090.jpg,1600,1200,52,11,1600,1184
167,yoto04931.png,1280,720,499,91,957,210
168,pic_946.jpg,1280,720,150,108,269,184
169,pic_1127.jpg,300,206,219,38,287,81
170,pic_1133.jpg,1300,957,196,38,1168,711
171,pic_952.jpg,880,495,148,225,537,350
172,yoto10818.png,1280,720,439,188,844,445
173,pic_761.jpg,1000,1000,22,34,989,895
174,pic_007.jpg,2500,2500,75,642,2500,1929
175,pic_013.jpg,280,413,4,128,280,267
176,pic_775.jpg,1000,665,67,39,988,650
177,pic_991.png,850,388,22,82,845,257
178,pic_749.jpeg,300,225,28,46,268,166
179,foto01451.png,1280,720,601,3,1186,472
180,yoto05018.png,1280,720,716,185,887,248
181,foto05192.png,1280,720,220,51,1030,410
182,moto15980.png,1280,720,987,500,1116,613
183,pic_205.jpg,600,600,3,100,600,439
184,pic_563.jpg,1000,1000,56,75,992,538
185,moto04641.png,1280,720,693,19,1021,392
186,pic_211.jpg,1920,1080,20,201,1025,980
187,pic_239.jpg,800,600,90,196,740,414
188,moto04119.png,1280,720,648,55,966,261
189,pic_549.jpeg,360,360,30,44,324,312
190,pic_561.jpg,1250,1029,49,262,1241,686
191,pic_207.jpg,300,300,1,103,178,174
192,pic_213.jpg,1388,1052,64,223,1356,709
193,pic_575.jpeg,614,406,34,71,603,333
194,foto14704.png,1280,720,493,335,599,419
195,foto01335.png,1280,720,643,185,1132,593
196,pic_039.jpg,1000,1000,26,103,1000,628
197,pic_987.jpg,672,257,252,60,333,142
198,pic_005.jpg,1144,1144,52,323,1118,846
199,pic_763.jpg,1300,951,117,201,1186,614
200,pic_011.jpg,800,800,14,91,794,451
201,pic_950.jpg,1300,957,139,446,642,602
202,pic_159.jpg,550,450,1,120,433,315
203,moto16125.png,1280,720,902,393,965,439
204,pic_171.JPG,600,600,52,90,556,496
205,pic_165.jpg,1136,938,191,205,1036,778
206,foto14472.png,1280,720,608,392,640,427
207,pic_818.jpg,1024,768,381,98,661,258
208,foto00349.png,1280,720,455,447,650,590
209,moto05830.png,1280,720,559,1,966,307
210,pic_429.jpg,843,474,3,59,599,241
211,moto02408.png,1280,720,602,68,943,296
212,pic_415.jpg,1000,1000,43,90,963,496
213,pic_373.jpg,800,450,14,194,799,371
214,pic_367.png,308,232,15,31,298,110
215,pic_401.jpg,664,354,173,22,367,170
216,pic_398.jpg,819,438,85,84,501,198
217,yoto01335.png,1280,720,150,319,671,445
218,pic_414.jpg,375,211,76,58,330,121
219,pic_372.jpg,546,355,174,108,535,314
220,moto05366.png,1280,720,616,1,994,307
221,pic_428.jpg,400,400,39,30,366,191
222,yoto10760.png,1280,720,543,186,782,395
223,moto11688.png,1280,720,446,276,1113,720
224,yoto03046.png,1280,720,337,231,859,357
225,pic_1044.jpg,460,460,2,55,460,226
226,pic_1050.png,400,400,14,109,399,269
227,pic_831.jpg,900,600,148,36,489,188
228,pic_164.jpg,750,750,30,157,739,502
229,pic_170.jpg,280,413,4,83,279,329
230,foto07396.png,1280,720,587,355,644,397
231,pic_158.jpg,1200,630,350,62,1142,562
232,pic_1093.jpg,320,400,4,30,312,138
233,yoto00407.png,1280,720,192,272,677,647
234,foto04728.png,1280,720,570,453,784,572
235,pic_789.jpg,500,500,20,151,482,332
236,pic_1130.jpg,1300,1140,93,171,1092,612
237,yoto00349.png,1280,720,180,250,718,405
238,pic_945.jpg,350,350,3,14,350,341
239,pic_776.jpg,794,794,240,170,779,768
240,moto02031.png,1280,720,469,27,1127,592
241,pic_010.jpg,1500,1500,43,158,1500,837
242,pic_004.jpg,425,256,24,31,404,232
243,pic_762.jpg,1000,750,124,80,912,637
244,moto11717.png,1280,720,480,256,1116,720
245,pic_038.png,1200,800,7,95,1200,526
246,moto02582.png,1280,720,623,175,913,370
247,foto04264.png,1280,720,54,4,1280,694
248,pic_212.jpg,1280,892,49,128,1214,865
249,pic_574.jpg,500,500,10,136,494,373
250,pic_560.jpg,800,526,123,139,684,396
251,moto03887.png,1280,720,626,36,993,274
252,pic_206.jpg,460,460,10,116,453,329
253,pic_548.jpg,2067,1725,145,149,2004,1428
254,pic_507.jpg,1200,628,106,210,1194,418
255,pic_275.jpg,639,426,218,25,577,324
256,pic_513.jpg,1024,443,26,11,1024,207
257,pic_249.jpg,1024,683,299,291,717,460
258,moto08962.png,1280,720,597,231,962,493
259,foto14762.png,1280,720,575,413,680,498
260,pic_063.jpg,800,800,17,76,774,415
261,pic_705.jpg,1024,481,24,68,997,440
262,pic_711.jpg,300,400,24,142,300,379
263,pic_077.jpg,360,360,6,95,360,260
264,pic_739.jpg,800,600,127,84,633,292
265,moto15516.png,1280,720,708,195,820,239
266,foto05337.png,1280,720,302,7,1049,374
267,pic_1143.jpg,500,282,207,57,363,178
268,pic_088.jpg,1000,1000,39,376,992,671
269,pic_1157.jpg,1000,667,16,210,697,415
270,pic_117.jpg,450,450,15,113,446,341
271,pic_671.jpeg,680,760,4,30,620,760
272,pic_665.jpg,350,350,1,69,350,231
273,foto07483.png,1280,720,633,353,676,388
274,pic_103.jpg,750,750,32,113,731,609
275,pic_659.jpg,349,350,7,79,344,251
276,foto07454.png,1280,720,558,346,579,369
277,foto14414.png,1280,720,533,278,572,317
278,pic_856.jpg,950,534,103,160,834,460
279,pic_842.jpg,640,160,1,9,232,108
280,pic_315.png,640,640,20,150,640,487
281,pic_301.jpg,240,240,5,52,237,201
282,foto01596.png,1280,720,471,25,1034,510
283,pic_467.jpg,280,413,6,156,280,276
284,pic_329.png,1022,667,329,195,701,463
285,yoto02698.png,1280,720,261,158,1062,411
286,yoto05134.png,1280,720,677,197,898,258
287,foto02060.png,1280,720,370,220,1064,719
288,pic_498.jpeg,550,550,19,178,549,343
289,pic_499.jpg,599,398,20,110,596,229
290,foto14617.png,1280,720,654,392,676,408
291,yoto00059.png,1280,720,72,148,858,318
292,foto04438.png,1280,720,315,119,939,541
293,moto03771.png,1280,720,618,108,954,327
294,pic_328.jpg,602,338,191,94,384,201
295,pic_300.jpeg,1240,837,246,143,1011,595
296,pic_466.jpg,1000,1000,68,160,947,545
297,pic_472.png,600,450,22,80,566,351
298,pic_314.jpg,1500,1352,20,178,1500,1060
299,pic_843.jpg,680,510,111,146,595,318
300,pic_1036.jpg,1000,560,370,275,593,318
301,pic_857.png,1200,824,50,167,737,412
302,pic_658.jpg,900,600,9,139,891,488
303,pic_880.jpg,1920,495,1005,302,1067,356
304,pic_664.jpg,500,500,23,135,469,361
305,pic_116.jpg,768,432,128,94,430,243
306,moto12442.png,1280,720,591,363,847,514
307,pic_670.jpg,1024,820,19,7,956,805
308,pic_937.jpg,1200,504,197,42,996,287
309,pic_1156.jpg,1383,1037,252,434,986,817
310,pic_089.jpeg,360,360,7,32,353,240
311,pic_738.jpg,178,178,4,39,177,140
312,pic_710.jpg,2000,1333,691,275,1794,630
313,pic_076.jpg,500,750,25,241,479,514
314,pic_062.jpg,300,300,5,11,297,297
315,pic_704.png,560,319,2,39,543,317
316,foto05134.png,1280,720,204,24,830,222
317,pic_248.jpg,300,195,31,43,213,149
318,pic_274.jpg,455,414,24,42,423,376
319,foto05685.png,1280,720,442,176,804,433
320,pic_506.jpg,300,300,31,3,268,114
321,pic_260.jpg,620,330,47,78,579,235
322,pic_510.jpg,900,900,579,202,803,309
323,pic_276.png,740,348,280,90,646,203
324,foto01393.png,1280,720,568,115,1054,525
325,pic_262.jpg,300,230,6,21,300,135
326,pic_504.jpg,1200,675,45,24,1192,267
327,yoto10499.png,1280,720,171,289,647,432
328,foto01422.png,1280,720,530,93,1027,511
329,yoto01219.png,1280,720,172,319,696,419
330,pic_289.jpg,950,489,58,116,897,368
331,pic_074.jpg,800,800,17,169,800,559
332,foto14588.png,1280,720,643,325,665,338
333,pic_712.jpg,1024,576,37,79,1012,364
334,pic_706.jpg,437,900,3,248,437,763
335,pic_060.jpg,1000,1000,177,50,993,573
336,pic_048.jpg,800,800,12,231,777,549
337,pic_1168.jpg,835,551,62,194,733,435
338,pic_909.jpg,1259,808,65,40,1259,415
339,pic_1154.jpg,1000,1000,302,309,989,746
340,pic_935.jpg,468,468,30,29,448,211
341,pic_921.png,750,421,242,91,353,151
342,foto05308.png,1280,720,247,1,1027,306
343,pic_1140.png,700,429,174,199,343,261
344,moto16154.png,1280,720,848,246,915,288
345,pic_100.jpg,300,300,9,85,273,218
346,pic_666.jpg,940,460,10,8,886,460
347,pic_672.jpg,720,480,3,72,720,212
348,pic_114.png,1000,750,20,50,989,481
349,yoto01190.png,1280,720,244,84,915,590
350,foto01973.png,1280,720,423,193,866,575
351,pic_882.jpg,720,960,31,313,705,764
352,pic_896.jpg,1920,460,477,7,1233,264
353,pic_128.jpg,800,625,7,23,790,556
354,pic_869.jpg,480,400,5,65,461,347
355,moto16183.png,1280,720,790,79,916,146
356,pic_1008.jpg,600,336,1,3,600,334
357,pic_1020.jpg,350,233,25,28,209,120
358,pic_699.jpg,580,390,43,64,548,281
359,pic_841.png,330,300,64,48,265,224
360,moto07918.png,1280,720,462,103,943,526
361,pic_1034.jpg,816,612,47,65,741,433
362,pic_464.jpg,1000,520,69,41,935,455
363,pic_316.jpg,864,486,235,121,637,353
364,pic_470.jpg,700,392,37,52,589,311
365,yoto02843.png,1280,720,602,270,678,347
366,foto01219.png,1280,720,593,189,1071,605
367,yoto01422.png,1280,720,75,56,785,615
368,yoto01393.png,1280,720,107,58,814,624
369,pic_317.jpg,710,400,32,45,698,265
370,pic_471.jpg,800,800,30,216,800,527
371,moto16357.png,1280,720,591,354,647,379
372,pic_303.jpg,620,349,67,58,571,228
373,pic_854.jpg,4032,3024,1597,938,2301,1212
374,pic_698.png,280,280,6,30,279,182
375,foto01741.png,1280,720,409,118,1023,490
376,pic_868.jpg,720,480,55,75,686,230
377,pic_1009.jpg,350,350,20,87,339,251
378,pic_129.jpg,600,600,48,145,550,448
379,pic_883.jpg,1383,1037,43,175,1167,504
380,pic_673.png,650,400,7,6,650,235
381,pic_115.jpg,600,600,87,218,495,379
382,pic_101.jpg,550,450,8,121,413,333
383,pic_667.jpg,150,200,1,25,142,157
384,pic_1155.jpg,640,459,18,192,558,322
385,foto05453.png,1280,720,423,299,758,500
386,pic_1169.jpg,640,360,125,113,378,348
387,moto16009.png,1280,720,827,334,956,453
388,pic_049.jpg,800,800,9,204,770,568
389,pic_707.jpg,460,306,113,95,305,262
390,foto01190.png,1280,720,590,201,1098,620
391,pic_061.jpg,1200,1200,74,219,1187,941
392,pic_075.PNG,615,517,17,78,601,351
393,moto01944.png,1280,720,455,70,1040,593
394,pic_539.jpg,750,600,54,9,704,261
395,pic_263.png,251,251,29,83,232,179
396,foto02843.png,1280,720,639,24,1280,656
397,pic_505.jpg,1250,1029,32,194,1250,557
398,moto02524.png,1280,720,612,170,916,361
399,pic_511.jpg,788,443,402,120,761,218
400,pic_277.png,344,187,1,6,339,174
401,pic_529.jpg,220,170,27,30,201,94
402,pic_273.jpg,300,300,18,50,300,223
403,pic_515.jpg,580,330,300,41,568,122
404,pic_501.jpg,1024,1024,80,313,989,706
405,foto00088.png,1280,720,496,261,737,411
406,pic_267.jpg,680,380,21,1,680,242
407,pic_298.jpeg,2000,2000,3,408,1845,1216
408,pic_059.jpg,300,300,13,57,290,198
409,pic_717.jpg,710,528,70,106,678,426
410,pic_071.jpg,992,558,29,30,992,298
411,pic_065.jpg,900,600,33,78,711,314
412,pic_703.jpeg,330,220,37,86,330,216
413,pic_930.jpg,800,600,25,114,800,486
414,pic_924.jpg,654,327,57,21,576,249
415,foto01625.png,1280,720,551,50,1057,484
416,pic_918.jpg,1000,750,55,68,999,722
417,pic_887.jpg,500,325,16,130,492,290
418,pic_893.JPG,940,564,89,49,920,529
419,pic_663.jpg,300,250,1,31,300,200
420,pic_105.jpg,1000,1000,32,269,976,584
421,moto15458.png,1280,720,476,325,641,412
422,pic_111.jpg,1200,630,251,159,968,458
423,pic_677.jpg,770,571,7,50,770,571
424,pic_844.png,346,260,6,14,346,115
425,pic_1025.jpg,1030,438,169,151,862,438
426,foto05279.png,1280,720,255,14,1025,353
427,moto00900.png,1280,720,421,150,1047,670
428,pic_688.jpg,800,928,32,50,784,416
429,pic_878.JPG,2448,2448,106,270,2448,1888
430,pic_449.jpg,600,400,38,38,572,238
431,pic_307.png,825,400,144,13,825,243
432,pic_461.jpg,1024,576,66,62,1024,545
433,pic_475.jpg,372,209,94,70,277,131
434,pic_313.jpg,609,343,90,39,469,320
435,foto00117.png,1280,720,519,258,740,414
436,moto03945.png,1280,720,648,47,1008,286
437,foto05047.png,1280,720,400,31,949,321
438,pic_474.jpg,670,342,184,20,612,159
439,pic_312.jpg,770,433,45,85,713,328
440,pic_306.jpg,880,440,119,100,774,436
441,pic_460.jpg,806,550,362,38,778,332
442,pic_448.png,748,350,94,61,607,229
443,moto00929.png,1280,720,433,235,1016,720
444,foto05250.png,1280,720,217,1,1077,341
445,pic_689.jpg,650,373,116,68,536,274
446,pic_845.jpg,580,580,86,162,495,394
447,pic_110.jpg,600,600,41,81,588,558
448,pic_676.jpg,700,420,53,46,670,355
449,pic_662.jpg,479,480,8,31,479,355
450,pic_104.jpg,1200,1200,9,236,1188,773
451,pic_892.jpg,2000,1200,778,39,1658,465
452,pic_138.jpeg,328,251,16,104,321,213
453,pic_1144.jpg,1000,1000,12,92,996,616
454,pic_1150.jpg,1024,683,359,264,659,391
455,pic_064.jpg,300,300,18,77,290,221
456,pic_702.jpg,1280,720,129,182,804,631
457,pic_070.jpeg,2000,2000,88,352,1990,1098
458,pic_058.jpg,2400,1800,173,335,2210,1529
459,moto01799.png,1280,720,613,74,920,296
460,pic_299.jpg,1170,520,118,187,965,407
461,pic_500.jpg,460,460,67,134,375,312
462,pic_266.jpg,300,300,7,125,220,257
463,pic_272.jpg,1200,900,11,115,1142,799
464,pic_514.jpg,642,355,199,52,510,166
465,yoto00842.png,1280,720,171,304,716,415
466,pic_258.jpg,4666,2576,342,659,4620,1952
467,pic_264.jpg,1000,1000,4,77,994,803
468,pic_502.jpg,620,410,231,56,577,226
469,pic_516.jpg,660,304,57,20,653,145
470,moto15922.png,1280,720,634,163,1216,561
471,foto05656.png,1280,720,427,127,782,343
472,pic_728.jpg,852,480,130,1,664,298
473,pic_700.jpg,654,327,155,1,273,56
474,pic_066.jpg,570,380,44,112,553,275
475,pic_714.jpg,1000,1000,3,37,974,967
476,pic_927.jpg,620,413,113,69,421,257
477,pic_099.jpeg,582,640,10,219,577,432
478,pic_1146.jpg,300,300,23,6,285,159
479,foto00262.png,1280,720,434,226,728,472
480,pic_1152.png,1340,500,419,21,958,251
481,foto14559.png,1280,720,628,315,651,332
482,yoto00465.png,1280,720,151,257,693,396
483,pic_890.jpg,852,480,202,163,449,250
484,pic_648.jpg,1200,800,125,203,1116,578
485,moto11601.png,1280,720,358,321,1079,699
486,pic_884.jpg,1229,500,608,17,1044,270
487,pic_674.jpg,500,378,1,1,500,331
488,pic_112.jpg,700,700,68,207,674,504
489,pic_106.jpg,1024,1024,13,172,1012,595
490,pic_660.jpg,500,500,1,105,500,254
491,pic_1032.jpg,640,438,91,15,548,426
492,pic_1026.jpg,640,427,125,238,537,426
493,yoto10702.png,1280,720,143,338,635,495
494,pic_338.jpg,450,450,57,100,396,302
495,pic_310.jpg,800,800,10,152,796,677
496,pic_476.jpg,748,350,49,38,720,337
497,foto14820.png,1280,720,632,510,778,600
498,pic_304.jpg,1024,576,100,249,672,390
499,pic_489.jpg,430,212,10,32,429,182
500,yoto06410.png,1280,720,380,226,1133,406
501,moto02495.png,1280,720,618,157,918,353
502,yoto06439.png,1280,720,354,190,1169,410
503,pic_488.jpg,750,422,113,84,603,261
504,pic_311.jpg,810,456,42,34,785,255
505,pic_477.JPG,1024,1024,38,179,1011,839
506,pic_339.jpg,300,300,33,113,289,232
507,moto07512.png,1280,720,680,32,1233,295
508,yoto00262.png,1280,720,215,322,761,496
509,pic_1027.jpg,620,348,8,13,601,348
510,pic_846.jpg,640,640,107,111,496,191
511,pic_852.jpg,1000,750,53,214,918,444
512,pic_1033.jpg,250,250,56,74,247,131
513,pic_107.jpg,5472,3648,690,823,4372,2489
514,pic_661.jpg,450,600,3,76,450,596
515,pic_675.jpg,500,285,22,20,497,265
516,pic_885.jpg,2000,1335,394,60,1707,1269
517,moto11166.png,1280,720,548,472,819,625
518,pic_649.jpg,425,309,2,12,423,193
519,pic_932.png,250,166,111,16,152,45
520,pic_098.jpg,500,332,13,15,494,264
521,pic_073.jpg,280,413,9,120,277,292
522,foto05482.png,1280,720,454,143,782,331
523,pic_715.jpg,1229,500,414,11,1194,429
524,pic_701.png,886,443,2,41,885,439
525,foto01828.png,1280,720,383,262,843,664
526,pic_067.png,800,800,102,208,709,576
527,pic_729.jpg,893,595,20,79,860,452
528,pic_517.jpg,1000,541,497,82,659,154
529,pic_271.jpg,620,258,158,7,505,239
530,pic_265.Jpeg,606,340,8,2,606,220
531,yoto02930.png,1280,720,628,264,668,310
532,pic_259.jpg,1200,800,390,316,702,408
533,pic_526.jpg,500,500,14,75,500,429
534,pic_240.jpg,639,426,191,132,411,231
535,pic_254.png,481,480,25,150,447,296
536,pic_532.jpg,1280,720,236,206,451,329
537,yoto02901.png,1280,720,634,261,680,318
538,pic_268.jpg,1144,1144,44,228,1107,868
539,moto01973.png,1280,720,519,43,1065,562
540,pic_283.jpg,835,508,215,56,793,328
541,pic_297.jpg,1000,1000,13,269,1000,713
542,pic_042.png,950,553,13,22,275,200
543,pic_724.jpg,250,250,3,121,249,248
544,pic_730.png,300,237,7,14,284,222
545,pic_056.jpg,800,800,143,82,693,414
546,foto00291.png,1280,720,447,327,727,567
547,pic_718.png,720,405,137,115,545,349
548,pic_081.jpg,300,300,33,77,276,221
549,pic_095.jpeg,600,600,6,137,600,406
550,pic_1162.jpg,440,480,17,27,423,351
551,pic_917.png,1024,576,89,27,928,273
552,pic_888.jpg,800,800,21,461,234,630
553,pic_650.jpg,700,700,25,164,680,501
554,foto04815.png,1280,720,568,218,771,347
555,pic_122.jpeg,850,995,36,119,823,866
556,pic_678.jpg,700,400,17,23,551,381
557,pic_863.jpg,1000,750,143,192,855,412
558,pic_452.jpg,640,640,97,135,542,315
559,moto14211.png,1280,720,570,251,884,385
560,pic_320.jpg,612,446,6,18,602,208
561,pic_308.jpg,649,364,140,22,475,328
562,pic_491.png,370,374,27,26,349,128
563,pic_485.jpg,800,800,31,230,800,556
564,pic_484.jpg,300,300,2,81,300,221
565,foto04380.png,1280,720,6,7,1280,715
566,pic_309.jpg,1200,675,162,84,1083,397
567,pic_321.jpg,999,661,97,140,887,476
568,pic_447.jpg,700,508,36,150,369,274
569,moto02466.png,1280,720,614,145,915,345
570,moto04003.png,1280,720,626,39,984,281
571,pic_453.jpg,2000,2000,80,493,2000,1493
572,pic_862.jpg,1500,742,58,97,1455,512
573,pic_1003.jpg,858,570,78,112,725,444
574,moto11195.png,1280,720,568,419,828,589
575,foto05511.png,1280,720,454,128,776,324
576,pic_686.jpeg,1300,975,317,423,1300,712
577,pic_692.jpg,600,401,3,50,581,373
578,foto14385.png,1280,720,548,320,606,357
579,moto11630.png,1280,720,371,301,1097,701
580,foto01944.png,1280,720,387,196,848,567
581,yoto00291.png,1280,720,218,340,747,490
582,pic_123.jpg,600,600,12,158,592,348
583,pic_137.jpg,270,270,5,70,262,204
584,pic_651.jpg,1024,1024,4,326,1024,884
585,pic_094.jpg,1000,1000,104,376,962,668
586,pic_080.jpg,1000,1000,2,205,999,689
587,pic_719.jpg,1200,1720,45,442,1200,1444
588,foto04960.png,1280,720,369,205,952,497
589,pic_057.jpg,1200,630,65,69,1134,406
590,pic_043.jpg,900,900,49,237,849,678
591,pic_725.jpg,2048,1365,169,194,1837,667
592,pic_296.jpg,2400,1800,214,500,2288,1096
593,yoto02727.png,1280,720,293,142,1071,403
594,pic_269.jpg,1932,1269,131,256,1873,937
595,yoto00871.png,1280,720,161,282,698,393
596,pic_241.jpg,730,486,1,213,639,424
597,pic_531.jpg,500,500,22,135,492,417
598,pic_257.jpg,3000,2133,257,456,2782,1317
599,pic_243.jpg,500,500,3,112,490,389
600,pic_525.jpg,250,167,55,24,195,149
601,moto03626.png,1280,720,764,177,1062,355
602,pic_519.jpg,660,330,137,118,639,253
603,pic_294.jpg,500,500,13,155,491,346
604,pic_280.jpg,620,350,140,80,461,218
605,moto03829.png,1280,720,648,64,1011,296
606,yoto05076.png,1280,720,709,192,879,262
607,foto04235.png,1280,720,35,5,1280,685
608,pic_055.jpg,1144,1144,44,224,1111,852
609,pic_733.jpg,2048,1365,386,373,1742,858
610,pic_727.jpg,600,400,34,31,478,274
611,moto02060.png,1280,720,633,1,1161,521
612,pic_069.jpeg,1000,1000,19,76,988,922
613,foto04786.png,1280,720,591,119,775,257
614,moto11746.png,1280,720,562,197,1133,720
615,pic_096.jpg,1024,512,73,70,1009,402
616,pic_928.jpg,1920,642,144,68,670,527
617,pic_082.jpg,2000,2000,115,408,1897,1493
618,pic_914.jpg,927,684,143,241,912,499
619,foto04989.png,1280,720,373,18,942,321
620,pic_1161.jpg,320,180,46,10,309,139
621,pic_121.jpg,510,538,20,158,505,313
622,pic_647.jpg,639,426,21,74,578,291
623,pic_653.jpg,425,283,33,60,388,210
624,pic_135.png,512,512,6,140,503,276
625,moto00059.png,1280,720,548,140,887,361
626,pic_684.jpg,600,600,12,207,599,335
627,yoto10731.png,1280,720,458,147,714,350
628,pic_690.jpg,500,333,35,56,463,250
629,pic_1001.jpg,750,1001,240,316,501,443
630,foto07338.png,1280,720,706,392,740,413
631,yoto03017.png,1280,720,314,205,886,368
632,pic_445.jpg,525,361,28,97,505,276
633,pic_323.jpg,580,330,87,49,303,171
634,pic_337.jpg,330,332,31,57,305,256
635,pic_451.jpg,300,300,13,40,272,165
636,moto05337.png,1280,720,606,1,1025,335
637,pic_486.jpg,455,438,4,56,443,296
638,pic_492.jpg,528,396,152,53,512,379
639,yoto01364.png,1280,720,122,42,834,620
640,pic_493.png,900,574,127,161,795,355
641,moto03974.png,1280,720,625,64,979,285
642,pic_487.jpg,616,347,26,78,176,152
643,foto05076.png,1280,720,358,47,989,336
644,pic_478.jpg,270,270,3,59,266,206
645,pic_450.jpg,634,358,354,10,485,60
646,pic_444.jpeg,778,583,79,84,715,410
647,pic_322.jpg,1196,731,414,50,1159,344
648,pic_875.jpg,450,300,86,78,369,256
649,pic_1014.jpg,620,413,5,40,620,340
650,pic_1000.png,740,342,421,64,464,92
651,pic_861.jpg,608,342,14,174,408,287
652,pic_849.jpg,750,600,94,176,703,389
653,pic_691.jpeg,626,412,12,16,626,393
654,pic_1028.jpg,1600,1200,810,36,1589,665
655,yoto04989.png,1280,720,672,157,842,257
656,pic_685.png,1121,576,4,6,1084,305
657,pic_108.jpeg,410,230,63,80,330,176
658,pic_652.jpg,596,424,28,81,582,263
659,pic_134.jpeg,180,180,9,46,151,125
660,pic_120.jpg,620,310,21,10,363,159
661,pic_901.jpg,1500,1000,442,156,1128,713
662,pic_1174.jpeg,600,339,200,49,317,135
663,pic_915.jpg,2000,1251,118,303,1982,1116
664,pic_083.jpg,868,488,106,132,763,377
665,pic_1148.jpg,1000,482,120,39,866,408
666,pic_097.jpg,730,486,8,73,707,454
667,pic_068.jpg,788,443,117,17,742,311
668,moto07657.png,1280,720,680,35,1037,249
669,yoto00494.png,1280,720,149,277,694,460
670,pic_726.jpg,849,637,9,123,849,504
671,pic_054.jpg,560,282,32,34,552,257
672,moto12500.png,1280,720,521,176,841,343
673,pic_281.jpg,750,422,14,70,736,243
674,moto03800.png,1280,720,646,62,1007,298
675,foto01364.png,1280,720,608,97,1114,506
676,pic_295.jpg,480,270,62,50,429,221
677,pic_518.png,400,300,64,115,200,172
678,moto04612.png,1280,720,678,1,1023,372
679,pic_242.jpg,1000,1000,146,275,883,719
680,pic_524.jpg,406,302,9,29,393,258
681,pic_256.jpg,864,486,144,37,711,327
682,foto02872.png,1280,720,707,21,1280,611
683,pic_252.jpg,750,422,112,70,648,249
684,pic_534.jpg,662,443,65,143,562,309
685,moto16212.png,1280,720,994,161,1158,253
686,pic_285.jpg,590,350,160,23,552,279
687,moto16038.png,1280,720,347,191,861,381
688,pic_078.jpg,652,400,42,34,648,295
689,pic_736.jpg,800,427,63,25,692,379
690,pic_050.jpg,488,488,26,146,352,349
691,pic_044.jpg,500,750,39,261,459,481
692,pic_722.jpg,1024,768,47,216,982,668
693,pic_911.png,280,280,4,77,279,257
694,pic_1170.png,400,400,32,128,380,260
695,pic_905.jpg,300,300,3,2,269,157
696,pic_093.jpg,600,600,52,163,587,387
697,pic_087.jpg,992,558,73,24,986,534
698,moto07860.png,1280,720,632,171,1021,488
699,pic_939.png,960,661,137,101,800,511
700,pic_118.jpg,652,400,57,77,634,301
701,pic_124.png,1976,932,238,20,1579,666
702,pic_130.jpg,660,371,51,34,429,179
703,pic_656.PNG,928,519,61,75,927,372
704,pic_1004.jpg,1000,667,57,80,944,492
705,foto00320.png,1280,720,473,540,720,708
706,pic_1010.jpg,683,800,212,140,477,372
707,pic_871.jpg,1300,1116,389,111,968,359
708,pic_681.png,1000,509,87,20,901,383
709,pic_859.jpg,374,374,4,86,356,220
710,foto01770.png,1280,720,342,189,915,582
711,foto01016.png,1280,720,202,122,752,634
712,pic_695.png,640,368,7,8,640,236
713,pic_468.jpg,340,226,51,34,292,126
714,pic_440.jpg,1920,658,615,74,1387,366
715,pic_454.jpg,1200,630,49,79,1200,611
716,pic_332.jpeg,415,415,32,114,402,305
717,moto15690.png,1280,720,791,413,1052,550
718,yoto02640.png,1280,720,326,138,1036,386
719,pic_497.jpg,1000,887,30,187,981,613
720,foto01567.png,1280,720,441,33,1016,506
721,pic_482.jpg,3000,2249,454,728,2854,1300
722,yoto02669.png,1280,720,215,132,1042,404
723,foto04351.png,1280,720,15,4,1280,703
724,moto01828.png,1280,720,564,85,1130,527
725,pic_455.jpg,730,474,101,55,667,295
726,pic_333.jpg,290,290,8,55,145,133
727,pic_327.jpg,700,400,56,64,472,308
728,pic_441.jpg,801,801,53,302,792,506
729,pic_469.png,1370,1000,35,169,1370,827
730,yoto02872.png,1280,720,620,264,676,322
731,pic_858.png,690,500,94,179,602,415
732,pic_680.jpg,720,480,23,71,702,448
733,pic_870.jpg,590,232,124,50,288,182
734,moto15487.png,1280,720,621,229,741,279
735,pic_1005.jpg,250,250,1,27,250,209
736,pic_131.jpg,640,360,22,19,585,149
737,pic_657.jpg,640,640,11,93,640,567
738,pic_125.jpg,2048,1370,232,444,1807,822
739,moto10528.png,1280,720,434,75,787,310
740,pic_1159.jpg,334,400,3,175,296,386
741,pic_086.jpeg,1171,1171,17,268,1171,770
742,pic_092.jpg,5324,3543,943,471,4080,2775
743,yoto00320.png,1280,720,219,327,747,481
744,pic_1165.jpeg,1024,780,77,449,569,683
745,yoto01016.png,1280,720,457,247,1156,389
746,pic_904.jpg,1300,975,286,172,1068,700
747,pic_910.jpg,800,800,73,184,765,604
748,pic_045.jpg,466,311,47,42,450,254
749,pic_723.jpg,1920,1080,211,188,1004,794
750,pic_737.jpg,1170,400,534,163,959,400
751,pic_051.jpg,600,600,8,189,598,445
752,pic_079.jpg,1200,1200,57,358,1188,938
753,pic_284.jpg,1440,960,202,58,1201,921
754,pic_290.png,600,450,36,66,574,405
755,pic_521.jpg,864,486,427,64,615,162
756,pic_247.jpg,835,508,128,188,753,442
757,pic_253.jpg,500,228,2,7,498,222
758,pic_535.jpeg,412,369,56,56,386,310
759,pic_509.jpg,1500,1016,120,154,1396,763
760,pic_279.jpg,1280,720,383,114,1199,420
761,foto14791.png,1280,720,634,429,755,521
762,pic_245.jpg,642,355,141,53,502,227
763,pic_523.jpg,810,456,1,6,800,222
764,pic_537.jpg,752,395,64,28,376,215
765,pic_251.png,768,592,7,21,763,295
766,pic_286.png,507,371,52,20,477,181
767,yoto10441.png,1280,720,120,315,647,438
768,foto05105.png,1280,720,327,41,959,271
769,pic_292.jpg,1500,1000,38,40,1479,927
770,pic_721.jpg,810,400,60,95,798,379
771,pic_047.JPG,800,800,24,208,787,566
772,pic_053.jpg,500,312,1,14,499,304
773,pic_735.png,1024,768,90,106,988,537
774,pic_906.jpg,300,200,7,24,300,186
775,foto04757.png,1280,720,572,431,778,561
776,pic_1167.JPG,878,1087,15,43,865,574
777,pic_912.jpg,600,307,38,131,271,289
778,pic_084.jpg,600,600,14,140,584,392
779,foto01161.png,1280,720,712,322,1280,718
780,pic_090.jpeg,1300,1430,50,279,1293,774
781,pic_669.jpg,1536,1152,18,70,1536,1113
782,pic_655.jpg,480,360,28,91,437,253
783,pic_133.jpg,1000,1000,109,351,911,587
784,pic_127.jpg,600,600,41,29,569,465
785,pic_899.jpg,390,220,41,16,390,134
786,pic_1013.jpg,640,360,194,83,500,233
787,foto14356.png,1280,720,592,303,668,361
788,moto00088.png,1280,720,589,190,905,418
789,pic_696.jpg,1200,715,92,203,1138,529
790,pic_682.png,703,320,60,47,686,282
791,pic_319.jpg,2000,2000,122,437,1936,1460
792,pic_331.jpg,5760,3840,1190,1211,4495,2429
793,pic_457.jpg,665,665,31,138,653,505
794,pic_443.jpg,300,300,44,92,262,200
795,yoto00929.png,1280,720,176,311,702,453
796,pic_325.png,796,417,145,81,693,275
797,pic_480.jpg,400,400,69,111,350,273
798,foto04409.png,1280,720,198,48,1113,620
799,yoto09716.png,1280,720,152,356,626,485
800,pic_481.jpg,649,866,14,284,649,504
801,pic_495.jpg,2880,1400,703,464,892,559
802,pic_442.png,768,592,2,21,768,254
803,pic_324.jpg,280,413,4,63,280,357
804,pic_330.png,1370,1000,148,25,1264,969
805,pic_456.jpg,612,344,156,126,368,231
806,pic_318.jpg,752,395,54,10,717,395
807,yoto00900.png,1280,720,165,308,694,433
808,pic_683.jpg,480,387,21,89,468,255
809,pic_697.jpeg,722,542,5,49,700,357
810,pic_867.jpg,744,600,13,89,724,483
811,yoto01161.png,1280,720,261,89,919,611
812,pic_126.jpeg,616,347,122,174,299,257
813,pic_898.jpg,360,360,6,13,349,344
814,pic_654.jpg,500,500,7,74,500,275
815,pic_132.jpg,700,700,52,177,665,520
816,pic_668.jpg,500,281,6,1,485,239
817,foto01799.png,1280,720,409,241,911,662
818,pic_085.jpg,851,477,204,21,694,403
819,pic_1172.jpg,1500,1443,24,9,1492,695
820,moto07686.png,1280,720,627,32,1066,347
821,pic_1166.jpg,580,580,97,93,470,419
822,pic_052.jpg,1500,1500,24,222,1499,691
823,pic_720.jpg,1134,674,89,163,1097,580
824,moto07889.png,1280,720,630,114,1105,538
825,pic_708.jpg,1000,750,98,29,900,725
826,moto03423.png,1280,720,629,46,970,298
827,pic_293.jpg,500,599,21,162,485,343
828,pic_287.jpg,500,500,23,119,474,375
829,pic_536.jpg,361,361,18,56,351,297
830,pic_250.jpg,800,400,284,68,736,213
831,pic_244.png,551,342,3,38,549,310
832,pic_522.jpg,500,500,9,151,489,346
833,pic_278.jpg,1024,683,120,167,997,601
834,pic_223.png,1000,727,12,2,994,702
835,pic_545.jpg,1000,541,141,72,927,267
836,pic_551.jpg,500,255,28,18,486,233
837,pic_237.jpg,660,330,46,15,646,212
838,yoto00813.png,1280,720,165,313,709,434
839,foto05163.png,1280,720,132,61,1030,418
840,pic_747.jpg,600,450,1,71,423,323
841,pic_021.jpg,652,400,37,35,609,257
842,pic_035.jpg,1717,1289,6,34,1712,1289
843,foto04902.png,1280,720,447,283,721,448
844,moto03336.png,1280,720,690,110,1032,403
845,pic_009.jpg,5625,3750,315,840,4119,2479
846,yoto00436.png,1280,720,169,268,684,565
847,pic_790.jpg,200,200,1,14,200,195
848,yoto00378.png,1280,720,212,277,718,564
849,pic_155.jpg,2520,1316,262,56,2453,1071
850,pic_141.jpg,1668,751,59,28,1657,670
851,foto05598.png,1280,720,459,145,789,351
852,pic_169.jpg,600,600,37,174,593,437
853,pic_828.jpg,1080,810,1,1,947,673
854,pic_1049.jpg,750,366,105,97,607,278
855,pic_196.jpg,1000,1000,8,224,1000,640
856,pic_182.jpg,1000,1000,71,225,967,558
857,pic_814.jpeg,640,473,1,20,640,255
858,pic_1075.jpg,1200,630,571,232,776,309
859,pic_357.jpeg,1200,801,256,247,805,706
860,pic_343.jpg,800,800,42,248,800,525
861,pic_419.jpg,600,378,34,84,558,285
862,pic_394.jpg,270,270,11,58,270,157
863,pic_380.jpg,760,468,107,16,684,259
864,yoto05163.png,1280,720,665,195,922,269
865,yoto00755.png,1280,720,159,297,698,433
866,pic_418.jpg,353,258,14,38,351,223
867,pic_424.jpg,500,500,9,161,494,345
868,pic_342.jpg,1280,854,200,130,1198,538
869,pic_356.jpg,800,800,12,218,799,631
870,pic_1060.jpg,510,200,5,65,370,176
871,pic_801.jpg,1000,476,11,125,1000,302
872,foto14443.png,1280,720,580,205,615,243
873,pic_815.jpg,950,713,68,82,886,614
874,pic_1074.png,632,391,198,51,632,371
875,pic_183.jpg,600,600,59,289,572,495
876,pic_197.jpg,1200,800,326,189,883,380
877,moto05801.png,1280,720,566,1,973,295
878,pic_1048.jpeg,450,450,85,71,377,248
879,foto00378.png,1280,720,612,312,772,418
880,pic_140.jpg,800,450,89,42,689,286
881,pic_154.jpg,640,359,81,25,548,177
882,pic_975.jpg,400,400,94,143,396,309
883,pic_961.jpeg,300,271,17,137,254,266
884,pic_785.png,400,400,56,102,349,225
885,pic_008.jpg,360,360,33,120,335,263
886,pic_752.png,280,280,10,70,280,247
887,pic_746.jpg,1080,1080,30,117,1080,708
888,pic_020.jpg,360,360,26,85,356,229
889,moto04699.png,1280,720,659,3,1004,375
890,yoto02988.png,1280,720,299,255,832,455
891,pic_550.jpg,1000,1000,56,211,963,736
892,pic_222.jpg,2000,2000,34,400,1976,1525
893,yoto10383.png,1280,720,192,312,632,417
894,pic_544.jpg,240,240,1,33,237,141
895,pic_234.jpg,600,600,17,120,598,393
896,foto02814.png,1280,720,286,91,1048,635
897,pic_552.jpg,590,330,269,75,567,246
898,pic_546.jpg,1388,1052,89,260,1356,623
899,pic_220.png,1031,677,33,90,1022,424
900,yoto02785.png,1280,720,372,245,994,427
901,moto04670.png,1280,720,676,12,1027,369
902,pic_208.jpg,900,507,98,200,694,378
903,foto01306.png,1280,720,747,369,1233,720
904,pic_750.jpg,1500,1500,22,333,1500,1089
905,pic_036.jpg,300,300,19,87,283,209
906,pic_022.jpg,2400,1800,1058,707,2047,1192
907,pic_744.jpg,835,511,261,156,650,359
908,pic_778.jpg,1024,575,33,2,1024,566
909,pic_787.jpg,1500,1000,433,220,1196,760
910,foto01886.png,1280,720,384,196,859,574
911,pic_1102.jpg,600,600,10,144,599,356
912,pic_963.jpg,472,472,56,52,341,276
913,pic_142.jpg,750,422,386,104,705,265
914,pic_156.jpg,2000,2000,40,156,1936,1904
915,foto07367.png,1280,720,463,368,557,438
916,pic_181.jpeg,600,600,13,134,595,378
917,pic_195.jpg,1400,1400,632,594,964,872
918,pic_1076.png,600,338,55,22,578,165
919,pic_817.jpg,520,245,108,22,455,193
920,pic_340.jpg,360,360,12,91,272,222
921,pic_426.jpg,515,366,2,32,502,330
922,pic_432.jpg,400,400,25,110,399,318
923,yoto00958.png,1280,720,480,268,1108,410
924,yoto06497.png,1280,720,232,145,1156,372
925,pic_354.jpg,612,612,11,173,612,366
926,pic_368.jpg,621,414,68,9,589,206
927,moto03916.png,1280,720,634,33,997,271
928,pic_397.jpg,954,675,288,213,907,478
929,yoto06468.png,1280,720,280,198,1139,382
930,foto04322.png,1280,720,28,3,1280,703
931,yoto01306.png,1280,720,150,319,646,482
932,pic_396.png,1200,600,156,103,1113,456
933,pic_382.jpg,797,620,70,124,787,496
934,yoto00030.png,1280,720,144,158,879,298
935,yoto02814.png,1280,720,549,262,678,382
936,foto02785.png,1280,720,277,78,1015,668
937,pic_433.jpg,500,500,13,45,491,479
938,pic_341.jpg,720,450,61,30,651,303
939,pic_427.jpg,300,195,10,13,293,156
940,yoto10586.png,1280,720,213,322,650,621
941,yoto03075.png,1280,720,341,198,778,307
942,pic_802.jpg,1000,750,337,119,636,269
943,pic_194.jpg,1280,720,139,68,989,501
944,pic_180.jpg,900,900,24,128,880,859
945,pic_143.jpg,250,250,24,59,224,150
946,foto00233.png,1280,720,614,293,690,351
947,pic_962.jpg,480,310,209,3,479,310
948,pic_976.JPG,360,480,1,121,359,451
949,pic_1117.jpg,900,470,148,46,646,266
950,pic_786.jpg,860,520,30,110,829,429
951,pic_792.png,1920,1080,270,110,1572,606
952,moto03452.png,1280,720,647,27,984,274
953,moto02002.png,1280,720,584,1,983,564
954,pic_023.jpg,1280,720,362,119,1160,563
955,pic_037.jpg,300,300,16,73,273,220
956,pic_209.jpg,616,347,138,31,576,206
957,pic_547.png,640,316,24,20,630,127
958,pic_221.jpg,694,427,10,8,687,253
959,pic_235.jpg,780,520,104,203,392,362
960,pic_219.jpg,640,360,88,12,546,338
961,pic_557.jpg,640,640,23,158,640,410
962,pic_225.JPG,300,300,3,69,292,229
963,pic_543.jpg,300,300,9,70,295,217
964,moto16067.png,1280,720,602,10,735,64
965,pic_755.jpg,800,600,120,93,739,496
966,pic_741.jpg,1280,719,136,90,1148,623
967,pic_027.jpg,488,488,74,167,477,379
968,pic_1113.jpg,1680,1120,157,50,1472,1022
969,foto14530.png,1280,720,550,318,564,331
970,pic_966.jpg,800,400,231,45,663,197
971,moto03481.png,1280,720,652,28,986,271
972,pic_1107.png,369,323,15,29,369,151
973,yoto01074.png,1280,720,250,74,926,608
974,pic_782.jpg,1074,869,65,307,1049,770
975,pic_147.png,636,544,54,163,612,386
976,moto03278.png,1280,720,669,1,979,247
977,pic_153.jpg,270,270,13,45,258,217
978,pic_806.png,370,270,32,32,367,218
979,pic_812.jpg,1280,720,290,7,1280,343
980,moto13080.png,1280,720,1,57,497,227
981,pic_184.jpg,642,355,117,57,512,294
982,pic_190.jpg,920,616,141,74,767,461
983,foto04496.png,1280,720,90,1,747,300
984,pic_379.jpg,592,301,12,40,585,279
985,foto14849.png,1280,720,643,517,757,606
986,pic_345.jpg,850,478,66,153,789,321
987,pic_351.jpg,1600,800,239,132,1538,508
988,pic_437.jpg,700,392,142,34,663,266
989,foto14646.png,1280,720,612,339,636,358
990,foto02756.png,1280,720,242,84,1032,682
991,foto01277.png,1280,720,607,235,1107,640
992,pic_386.jpg,800,533,246,170,587,285
993,pic_393.jpg,1200,520,343,73,999,283
994,pic_387.jpg,303,303,5,81,297,227
995,foto01538.png,1280,720,465,1,1026,484
996,foto02031.png,1280,720,408,203,894,606
997,pic_350.jpg,860,524,1,7,851,402
998,yoto00784.png,1280,720,149,272,713,421
999,pic_436.jpg,806,431,10,113,799,429
1000,pic_422.jpg,3000,2000,1038,537,2896,1279
1001,pic_344.png,987,599,6,47,987,281
1002,pic_378.jpg,1400,932,40,140,1140,530
1003,moto04728.png,1280,720,660,1,1004,363
1004,foto01074.png,1280,720,326,151,846,606
1005,pic_185.jpg,2520,2126,19,47,2520,968
1006,foto01712.png,1280,720,506,1,1032,456
1007,pic_813.jpg,425,425,29,19,397,188
1008,pic_152.jpg,970,546,93,123,541,348
1009,pic_146.jpg,1280,854,67,394,1235,722
1010,foto05366.png,1280,720,142,112,958,467
1011,pic_797.jpg,700,550,27,74,608,535
1012,pic_967.jpg,1000,667,49,107,868,479
1013,pic_1106.jpg,770,484,142,156,606,328
1014,pic_1112.jpg,940,460,110,36,845,430
1015,pic_973.png,1920,370,967,167,1032,207
1016,pic_998.jpg,678,381,6,20,678,307
1017,pic_740.jpg,960,572,15,21,933,546
1018,pic_026.jpg,600,600,74,84,526,526
1019,pic_032.jpg,432,432,8,33,431,323
1020,pic_754.jpg,1383,1037,212,245,1172,597
1021,yoto02756.png,1280,720,335,189,999,376
1022,yoto01277.png,1280,720,127,328,641,503
1023,foto14733.png,1280,720,507,306,605,405
1024,yoto02959.png,1280,720,300,238,802,443
1025,pic_224.jpg,640,427,20,28,594,312
1026,pic_542.jpg,1000,1000,32,109,989,626
1027,pic_556.jpg,360,360,10,79,360,194
1028,pic_230.jpg,1500,1000,295,268,1324,671
1029,pic_218.jpg,616,321,61,55,317,162
1030,moto07425.png,1280,720,688,1,1090,389
1031,foto04293.png,1280,720,52,1,1280,712
1032,pic_568.jpg,600,315,157,9,455,148
1033,pic_226.jpg,280,413,3,146,280,283
1034,pic_232.jpg,852,479,233,44,836,448
1035,pic_554.jpg,2000,2000,86,510,2000,1465
1036,moto03858.png,1280,720,637,42,1007,282
1037,moto01915.png,1280,720,476,69,1050,613
1038,moto15545.png,1280,720,687,67,815,149
1039,pic_018.jpg,500,248,13,12,500,198
1040,foto01857.png,1280,720,399,238,858,648
1041,pic_024.jpg,750,422,132,45,694,311
1042,pic_030.jpg,350,350,3,44,343,295
1043,pic_1104.jpg,480,360,39,47,480,297
1044,pic_965.jpg,417,480,1,19,417,294
1045,pic_971.jpg,780,438,442,61,548,110
1046,pic_1110.png,2000,2000,687,714,1367,1295
1047,pic_959.jpg,575,323,156,1,338,100
1048,pic_781.jpg,1440,810,117,78,1399,658
1049,pic_150.jpg,695,352,56,198,294,260
1050,foto04873.png,1280,720,544,276,786,439
1051,pic_144.jpg,800,800,17,214,797,603
1052,pic_1070.jpeg,1000,820,207,150,766,590
1053,yoto01103.png,1280,720,239,68,912,613
1054,pic_811.jpg,400,267,21,50,369,231
1055,pic_193.jpg,1600,1000,587,12,1515,450
1056,pic_839.jpg,800,475,193,56,563,329
1057,pic_187.jpg,1080,812,19,175,1076,651
1058,pic_408.jpg,466,466,12,19,463,255
1059,pic_434.jpg,1140,400,291,86,490,197
1060,pic_352.jpg,1600,734,82,30,960,511
1061,pic_346.jpg,528,396,123,23,473,234
1062,pic_420.jpg,750,375,348,60,700,140
1063,foto01248.png,1280,720,601,218,1104,618
1064,pic_385.jpg,361,361,52,54,321,239
1065,pic_384.jpg,2650,1180,256,251,2397,810
1066,yoto10557.png,1280,720,101,299,663,438
1067,pic_390.png,3266,1022,709,158,1946,651
1068,pic_421.jpg,800,800,23,222,751,581
1069,pic_435.jpg,240,240,3,11,234,228
1070,pic_353.jpg,652,390,93,50,596,308
1071,pic_838.jpg,1000,1000,224,411,871,644
1072,pic_186.jpg,300,300,26,31,274,256
1073,pic_1059.jpg,480,360,11,61,474,266
1074,pic_192.png,950,534,253,36,803,274
1075,pic_804.jpg,1000,550,7,362,355,499
1076,pic_810.jpg,1200,960,38,96,1173,922
1077,pic_145.jpg,488,488,11,183,479,318
1078,pic_151.jpg,500,222,11,15,489,186
1079,pic_179.jpeg,360,360,6,107,360,259
1080,pic_794.png,544,366,6,1,476,275
1081,foto01103.png,1280,720,318,112,862,606
1082,pic_1139.jpg,739,492,78,171,719,370
1083,pic_780.jpg,800,800,172,168,638,335
1084,pic_970.jpg,1600,899,661,210,1277,427
1085,pic_1105.jpg,3200,1800,1770,1176,2208,1453
1086,pic_964.jpg,818,818,48,213,592,565
1087,pic_757.jpg,1000,717,1,8,955,606
1088,pic_031.jpg,1000,1000,64,185,1000,816
1089,moto13109.png,1280,720,411,426,823,720
1090,pic_743.png,1060,643,89,67,963,381
1091,moto05743.png,1280,720,607,1,976,305
1092,pic_019.jpg,1144,1144,55,200,1105,884
1093,yoto01248.png,1280,720,137,312,655,442
1094,pic_555.jpg,600,400,14,16,595,203
1095,pic_227.jpg,319,186,6,10,318,104
1096,pic_569.png,580,330,32,12,541,232
